Rank,Name,Country,Born,Order,Consistory,Office,Ref.
1,Giovanni Battista Re*,Italy,30 January 1934 (age 91),CB,21 February 2001[i] John Paul II,Prefect emeritus of the Congregation for Bishops,[16]
2,Leonardo Sandri*,Argentina,18 November 1943 (age 81),CB,24 November 2007[ii] Benedict XVI,Prefect emeritus of the Dicastery for the Eastern Churches,[17]
3,Francis Arinze*,Nigeria,1 November 1932 (age 92),CB,25 May 1985[iii] John Paul II,Prefect emeritus of the Congregation for Divine Worship and the Discipline of the Sacraments,[18]
4,Tarcisio Bertone SDB*,Italy,2 December 1934 (age 90),CB,21 October 2003[iv] John Paul II,Secretary of State emeritus of His Holiness and Camerlengo emeritus of the Holy Roman Church,[19]
5,JosÃ© Saraiva Martins CMF*,Portugal,6 January 1932 (age 93),CB,21 February 2001[v] John Paul II,Prefect emeritus of the Congregation for the Causes of Saints,[20]
6,Pietro Parolin,Italy,17 January 1955 (age 70),CB,22 February 2014[vi] Francis,Secretary of State of His Holiness[c],[21]
7,Marc Ouellet PSS*,Canada,8 June 1944 (age 80),CB,21 October 2003[vi] John Paul II,Prefect emeritus of the Dicastery for Bishops,[22]
8,Fernando Filoni,Italy,15 April 1946 (age 79),CB,18 February 2012[vii] Benedict XVI,Grand Master of the Order of the Holy Sepulchre,[23]
9,Beniamino Stella*,Italy,18 August 1941 (age 83),CB,22 February 2014[viii] Francis,Prefect emeritus of the Congregation for the Clergy,[24]
10,Luis Antonio Tagle,Philippines,21 June 1957 (age 67),CB,24 November 2012[ix] Benedict XVI,Pro-Prefect of the Dicastery for Evangelization[c],[25]
11,Robert Francis Prevost OSA,United States,14 September 1955 (age 69),CB,30 September 2023[x] Francis,Prefect of the Dicastery for Bishops[c],[26]
12,Bechara Boutros al-Rahi OMM*,Lebanon,25 February 1940 (age 85),CB,24 November 2012 Benedict XVI,Patriarch of Antioch (Maronite Church),[27]
13,Louis RaphaÃ«l I Sako,Iraq,4 July 1948 (age 76),CB,28 June 2018 Francis,Patriarch of Baghdad (Chaldean Church),[28]
14,Michael Michai Kitbunchu*,Thailand,25 January 1929 (age 96),CP,2 February 1983 John Paul II,Archbishop emeritus of Bangkok,[29]
15,Paul Poupard*,France,30 August 1930 (age 94),CP,25 May 1985[xi] John Paul II,President emeritus of the Pontifical Councils for Culture and for Interreligious Dialogue,[30]
16,Friedrich Wetter*,Germany,20 February 1928 (age 97),CP,25 May 1985 John Paul II,Archbishop emeritus of Munich and Freising,[31]
17,NicolÃ¡s de JesÃºs LÃ³pez RodrÃ­guez*,Dominican Republic,31 October 1936 (age 88),CP,28 June 1991 John Paul II,Archbishop emeritus of Santo Domingo,[32]
18,Roger Mahony*,United States,27 February 1936 (age 89),CP,28 June 1991 John Paul II,Archbishop emeritus of Los Angeles,[33]
19,Camillo Ruini*,Italy,19 February 1931 (age 94),CP,28 June 1991 John Paul II,Vicar General emeritus for Rome and Archpriest emeritus of the Papal Basilica of Saint John Lateran,[34]
20,Julius Darmaatmadja SJ*,Indonesia,20 December 1934 (age 90),CP,26 November 1994 John Paul II,Archbishop emeritus of Jakarta,[35]
21,Emmanuel Wamala*,Uganda,15 December 1926 (age 98),CP,26 November 1994 John Paul II,Archbishop emeritus of Kampala,[36]
22,Adam Maida*,United States,18 March 1930 (age 95),CP,26 November 1994 John Paul II,Archbishop emeritus of Detroit,[37]
23,Vinko PuljiÄ,Bosnia and Herzegovina,8 September 1945 (age 79),CP,26 November 1994 John Paul II,Archbishop emeritus of Vrhbosna,[38]
24,Juan Sandoval ÃÃ±iguez*,Mexico,28 March 1933 (age 92),CP,26 November 1994 John Paul II,Archbishop emeritus of Guadalajara,[39]
25,James Stafford*,United States,26 July 1932 (age 92),CP,21 February 1998[xii] John Paul II,Major Penitentiary emeritus,[40]
26,Salvatore De Giorgi*,Italy,6 September 1930 (age 94),CP,21 February 1998 John Paul II,Archbishop emeritus of Palermo,[41]
27,Antonio MarÃ­a Rouco Varela*,Spain,20 August 1936 (age 88),CP,21 February 1998 John Paul II,Archbishop emeritus of Madrid,[42]
28,Polycarp Pengo*,Tanzania,5 August 1944 (age 80),CP,21 February 1998 John Paul II,Archbishop emeritus of Dar-es-Salaam,[43]
29,Christoph SchÃ¶nborn OP*,Austria[d],22 January 1945 (age 80),CP,21 February 1998 John Paul II,Archbishop emeritus of Vienna,[44]
30,Norberto Rivera Carrera*,Mexico,6 June 1942 (age 82),CP,21 February 1998 John Paul II,Archbishop emeritus of Mexico,[45]
31,JÄnis Pujats*,Latvia,14 November 1930 (age 94),CP,21 February 1998[e] John Paul II,Archbishop emeritus of Riga,[46]
32,Crescenzio Sepe*,Italy,2 June 1943 (age 81),CP,21 February 2001[xiii] John Paul II,Archbishop emeritus of Naples,[47]
33,Walter Kasper*,Germany,5 March 1933 (age 92),CP,21 February 2001[xiv] John Paul II,President emeritus of the Pontifical Council for Promoting Christian Unity,[48]
34,Audrys BaÄkis*,Lithuania,1 February 1937 (age 88),CP,21 February 2001 John Paul II,Archbishop emeritus of Vilnius,[49]
35,Francisco Javier ErrÃ¡zuriz Ossa ISch*,Chile,5 September 1933 (age 91),CP,21 February 2001 John Paul II,Archbishop emeritus of Santiago de Chile,[50]
36,Wilfrid Napier OFM*,South Africa,8 March 1941 (age 84),CP,21 February 2001 John Paul II,Archbishop emeritus of Durban,[51]
37,Ãscar RodrÃ­guez Maradiaga SDB*,Honduras,29 December 1942 (age 82),CP,21 February 2001 John Paul II,Archbishop emeritus of Tegucigalpa and Coordinator emeritus of the Council of Cardinals,[52]
38,Juan Luis Cipriani Thorne*,Peru,28 December 1943 (age 81),CP,21 February 2001 John Paul II,Archbishop emeritus of Lima,[53]
39,JuliÃ¡n Herranz Casado*,Spain,31 March 1930 (age 95),CP,21 October 2003[xv] John Paul II,President emeritus of the Pontifical Council for Legislative Texts,[54]
40,Angelo Scola*,Italy,7 November 1941 (age 83),CP,21 October 2003 John Paul II,Archbishop emeritus of Milan,[55]
41,Anthony Olubunmi Okogie*,Nigeria,16 June 1936 (age 88),CP,21 October 2003 John Paul II,Archbishop emeritus of Lagos,[56]
42,Gabriel Zubeir Wako*,Sudan,27 February 1941 (age 84),CP,21 October 2003 John Paul II,Archbishop emeritus of Khartoum,[57]
43,Justin Rigali*,United States,19 April 1935 (age 90),CP,21 October 2003 John Paul II,Archbishop emeritus of Philadelphia,[58]
44,Ennio Antonelli*,Italy,18 November 1936 (age 88),CP,21 October 2003 John Paul II,President emeritus of the Pontifical Council for the Family,[59]
45,Peter Turkson,Ghana,11 October 1948 (age 76),CP,21 October 2003 John Paul II,Chancellor of the Pontifical Academy of Sciences and the Pontifical Academy of Social Sciences,[60]
46,Josip BozaniÄ,Croatia,20 March 1949 (age 76),CP,21 October 2003 John Paul II,Archbishop emeritus of Zagreb,[61]
47,Jean-Baptiste Pháº¡m Minh Máº«n*,Vietnam,5 March 1934 (age 91),CP,21 October 2003 John Paul II,Archbishop emeritus of Ho Chi Minh City,[62]
48,Philippe Barbarin,France,17 October 1950 (age 74),CP,21 October 2003 John Paul II,Archbishop emeritus of Lyon,[63]
49,PÃ©ter ErdÅ,Hungary,25 June 1952 (age 72),CP,21 October 2003 John Paul II,Archbishop of EsztergomâBudapest,[64]
50,Franc RodÃ© CM*,Slovenia,23 September 1934 (age 90),CP,24 March 2006[xvi] Benedict XVI,Prefect emeritus of the Congregation for Institutes of Consecrated Life and Societies of Apostolic Life,[65]
51,Agostino Vallini*,Italy,17 April 1940 (age 85),CP,24 March 2006 Benedict XVI,Pontifical Legate for the Basilicas of Saint Francis and Saint Mary of the Angels in Assisi,[66]
52,Gaudencio Borbon Rosales*,Philippines,10 August 1932 (age 92),CP,24 March 2006 Benedict XVI,Archbishop emeritus of Manila,[67]
53,Jean-Pierre Ricard*,France,25 September 1944 (age 80),CP,24 March 2006 Benedict XVI,Archbishop emeritus of Bordeaux,[68]
54,Antonio CaÃ±izares Llovera,Spain,15 October 1945 (age 79),CP,24 March 2006 Benedict XVI,Archbishop emeritus of Valencia,[69]
55,SeÃ¡n Patrick O'Malley OFMCap*,United States,29 June 1944 (age 80),CP,24 March 2006 Benedict XVI,Archbishop emeritus of Boston and President of the Pontifical Commission for the Protection of Minors,[70]
56,StanisÅaw Dziwisz*,Poland,27 April 1939 (age 86),CP,24 March 2006 Benedict XVI,Archbishop emeritus of KrakÃ³w,[71]
57,Joseph Zen Ze-kiun SDB*,China (Hong Kong)[f],13 January 1932 (age 93),CP,24 March 2006 Benedict XVI,Bishop emeritus of Hong Kong,[72]
58,Giovanni Lajolo*,Italy,3 January 1935 (age 90),CP,24 November 2007[xvii] Benedict XVI,President emeritus of the Pontifical Commission for Vatican City State,[73]
59,Angelo Comastri*,Italy,17 September 1943 (age 81),CP,24 November 2007[xvii] Benedict XVI,"Vicar General emeritus for Vatican City, Archpriest emeritus of the Papal Basilica of Saint Peter and President emeritus of the Fabric of Saint Peter",[74]
60,StanisÅaw RyÅko,Poland,4 July 1945 (age 79),CP,24 November 2007[xvii] Benedict XVI,Archpriest of the Papal Basilica of Saint Mary Major,[75]
61,Raffaele Farina SDB*,Italy,24 September 1933 (age 91),CP,24 November 2007[xvii] Benedict XVI,Archivist and Librarian emeritus of the Holy Roman Church,[76]
62,SeÃ¡n Brady*,Ireland[g],16 August 1939 (age 85),CP,24 November 2007 Benedict XVI,Archbishop emeritus of Armagh,[77]
63,LluÃ­s MartÃ­nez i Sistach*,Spain,29 April 1937 (age 88),CP,24 November 2007 Benedict XVI,Archbishop emeritus of Barcelona,[78]
64,AndrÃ© Vingt-Trois*,France,7 November 1942 (age 82),CP,24 November 2007 Benedict XVI,Archbishop emeritus of Paris,[79]
65,Angelo Bagnasco*,Italy,14 January 1943 (age 82),CP,24 November 2007 Benedict XVI,Archbishop emeritus of Genoa,[80]
66,ThÃ©odore-Adrien Sarr*,Senegal,28 November 1936 (age 88),CP,24 November 2007 Benedict XVI,Archbishop emeritus of Dakar,[81]
67,Oswald Gracias*,India,24 December 1944 (age 80),CP,24 November 2007 Benedict XVI,Archbishop emeritus of Bombay,[82]
68,Francisco Robles Ortega,Mexico,2 March 1949 (age 76),CP,24 November 2007 Benedict XVI,Archbishop of Guadalajara,[83]
69,Daniel DiNardo,United States,23 May 1949 (age 75),CP,24 November 2007 Benedict XVI,Archbishop emeritus of GalvestonâHouston,[84]
70,Odilo Scherer,Brazil,21 September 1949 (age 75),CP,24 November 2007 Benedict XVI,Archbishop of SÃ£o Paulo,[85]
71,John Njue,Kenya,1 January 1946[h] (age 79),CP,24 November 2007 Benedict XVI,Archbishop emeritus of Nairobi,[86]
72,Estanislao Esteban Karlic*,Argentina,7 February 1926 (age 99),CP,24 November 2007 Benedict XVI,Archbishop emeritus of ParanÃ¡,[88]
73,Robert Sarah,Guinea,15 June 1945 (age 79),CP,20 November 2010[xviii] Benedict XVI,Prefect emeritus of the Congregation for Divine Worship and the Discipline of the Sacraments,[89]
74,Francesco Monterisi*,Italy,28 May 1934 (age 90),CP,20 November 2010[xviii] Benedict XVI,Archpriest emeritus of the Papal Basilica of Saint Paul Outside the Walls,[90]
75,Raymond Leo Burke,United States,30 June 1948 (age 76),CP,20 November 2010[xviii] Benedict XVI,Patron emeritus of the Sovereign Military Order of Malta,[91]
76,Kurt Koch,Switzerland,15 March 1950 (age 75),CP,20 November 2010[xviii] Benedict XVI,Prefect of the Dicastery for Promoting Christian Unity[c],[92]
77,Mauro Piacenza*,Italy,15 September 1944 (age 80),CP,20 November 2010[xviii] Benedict XVI,Major Penitentiary emeritus,[93]
78,Gianfranco Ravasi*,Italy,18 October 1942 (age 82),CP,20 November 2010[xviii] Benedict XVI,President emeritus of the Pontifical Council for Culture,[94]
79,Paolo Romeo*,Italy,20 February 1938 (age 87),CP,20 November 2010 Benedict XVI,Archbishop emeritus of Palermo,[95]
80,Donald Wuerl*,United States,12 November 1940 (age 84),CP,20 November 2010 Benedict XVI,Archbishop emeritus of Washington,[96]
81,Raymundo Damasceno Assis*,Brazil,15 February 1937 (age 88),CP,20 November 2010 Benedict XVI,Archbishop emeritus of Aparecida,[97]
82,Kazimierz Nycz,Poland,1 February 1950 (age 75),CP,20 November 2010 Benedict XVI,Archbishop emeritus of Warsaw,[98]
83,Malcolm Ranjith,Sri Lanka,15 November 1947 (age 77),CP,20 November 2010 Benedict XVI,Archbishop of Colombo,[99]
84,Reinhard Marx,Germany,21 September 1953 (age 71),CP,20 November 2010 Benedict XVI,Archbishop of Munich and Freising and Coordinator of the Council for the Economy[c],[100]
85,Walter BrandmÃ¼ller*,Germany,5 January 1929 (age 96),CP,20 November 2010[xviii] Benedict XVI,President emeritus of the Pontifical Committee for Historical Sciences,[101]
86,Manuel Monteiro de Castro*,Portugal,29 March 1938 (age 87),CP,18 February 2012[xix] Benedict XVI,Major Penitentiary emeritus,[102]
87,Santos Abril y CastellÃ³*,Spain,21 September 1935 (age 89),CP,18 February 2012[xix] Benedict XVI,Archpriest emeritus of the Papal Basilica of Saint Mary Major,[103]
88,Antonio Maria VegliÃ²*,Italy,3 February 1938 (age 87),CP,18 February 2012[xix] Benedict XVI,President emeritus of the Pontifical Council for the Pastoral Care of Migrants and Itinerant People,[104]
89,Giuseppe Bertello*,Italy,1 October 1942 (age 82),CP,18 February 2012[xix] Benedict XVI,President emeritus of the Pontifical Commission for Vatican City State,[105]
90,Francesco Coccopalmerio*,Italy,6 March 1938 (age 87),CP,18 February 2012[xix] Benedict XVI,President emeritus of the Pontifical Council for Legislative Texts,[106]
91,JoÃ£o Braz de Aviz,Brazil,24 April 1947 (age 78),CP,18 February 2012[xix] Benedict XVI,Prefect emeritus of the Dicastery for Institutes of Consecrated Life and Societies of Apostolic Life,[107]
92,Edwin Frederick O'Brien*,United States,8 April 1939 (age 86),CP,18 February 2012[xix] Benedict XVI,Grand Master emeritus of the Order of the Holy Sepulchre,[108]
93,Domenico Calcagno*,Italy,3 February 1943 (age 82),CP,18 February 2012[xix] Benedict XVI,President emeritus of the Administration of the Patrimony of the Apostolic See,[109]
94,Giuseppe Versaldi*,Italy,30 July 1943 (age 81),CP,18 February 2012[xix] Benedict XVI,Prefect emeritus of the Congregation for Catholic Education,[110]
95,George Alencherry*,India,19 April 1945 (age 80),CP,18 February 2012 Benedict XVI,Major Archbishop emeritus of ErnakulamâAngamaly (Syro-Malabar Church),[111]
96,Thomas Collins,Canada,16 January 1947 (age 78),CP,18 February 2012 Benedict XVI,Archbishop emeritus of Toronto,[112]
97,Dominik Duka OP*,Czech Republic,26 April 1943 (age 82),CP,18 February 2012 Benedict XVI,Archbishop emeritus of Prague,[113]
98,Wim Eijk,Netherlands,22 June 1953 (age 71),CP,18 February 2012 Benedict XVI,Archbishop of Utrecht,[114]
99,Giuseppe Betori,Italy,25 February 1947 (age 78),CP,18 February 2012 Benedict XVI,Archbishop emeritus of Florence,[115]
100,Timothy M. Dolan,United States,6 February 1950 (age 75),CP,18 February 2012 Benedict XVI,Archbishop of New York,[116]
101,Rainer Woelki,Germany,18 August 1956 (age 68),CP,18 February 2012 Benedict XVI,Archbishop of Cologne,[117]
102,John Tong Hon*,China (Hong Kong)[f],31 July 1939 (age 85),CP,18 February 2012 Benedict XVI,Bishop emeritus of Hong Kong,[118]
103,Lucian MureÈan*,Romania,23 May 1931 (age 93),CP,18 February 2012 Benedict XVI,Major Archbishop of FÄgÄraÈ and Alba Iulia (Romanian Greek Church),[119]
104,James Michael Harvey,United States,20 October 1949 (age 75),CP,24 November 2012[xx] Benedict XVI,Archpriest of the Papal Basilica of Saint Paul Outside the Walls,[120]
105,Baselios Cleemis,India,15 June 1959 (age 65),CP,24 November 2012 Benedict XVI,Major Archbishop of Trivandrum (Syro-Malankara Church),[121]
106,John Onaiyekan*,Nigeria,29 January 1944 (age 81),CP,24 November 2012 Benedict XVI,Archbishop emeritus of Abuja,[122]
107,RubÃ©n Salazar GÃ³mez*,Colombia,22 September 1942 (age 82),CP,24 November 2012 Benedict XVI,Archbishop emeritus of BogotÃ¡,[123]
108,Lorenzo Baldisseri*,Italy,29 September 1940 (age 84),CP,22 February 2014[xx] Francis,Secretary-General emeritus of the Synod of Bishops,[124]
109,Gerhard Ludwig MÃ¼ller,Germany,31 December 1947 (age 77),CP,22 February 2014[xx] Francis,Prefect emeritus of the Congregation for the Doctrine of the Faith,[125]
110,Vincent Nichols,United Kingdom,8 November 1945 (age 79),CP,22 February 2014 Francis,Archbishop of Westminster,[126]
111,Leopoldo Brenes,Nicaragua,7 March 1949 (age 76),CP,22 February 2014 Francis,Archbishop of Managua,[127]
112,GÃ©rald Lacroix ISPX,Canada,27 July 1957 (age 67),CP,22 February 2014 Francis,Archbishop of Quebec,[128]
113,Jean-Pierre Kutwa,Ivory Coast,22 December 1945 (age 79),CP,22 February 2014 Francis,Archbishop emeritus of Abidjan,[129]
114,Orani JoÃ£o Tempesta OCist,Brazil,23 June 1950 (age 74),CP,22 February 2014 Francis,Archbishop of SÃ£o SebastiÃ£o do Rio de Janeiro,[130]
115,Gualtiero Bassetti*,Italy,7 April 1942 (age 83),CP,22 February 2014 Francis,Archbishop emeritus of PerugiaâCittÃ della Pieve,[131]
116,Mario Aurelio Poli,Argentina,29 November 1947 (age 77),CP,22 February 2014 Francis,Archbishop emeritus of Buenos Aires,[132]
117,Andrew Yeom Soo-jung*,South Korea,5 December 1943 (age 81),CP,22 February 2014 Francis,Archbishop emeritus of Seoul,[133]
118,Ricardo Ezzati SDB*,Chile[i],7 January 1942 (age 83),CP,22 February 2014 Francis,Archbishop emeritus of Santiago de Chile,[134]
119,Philippe OuÃ©draogo,Burkina Faso,31 December 1945[j] (age 79),CP,22 February 2014 Francis,Archbishop emeritus of Ouagadougou,[136]
120,Orlando Quevedo OMI*,Philippines,11 March 1939 (age 86),CP,22 February 2014 Francis,Archbishop emeritus of Cotabato,[137]
121,Chibly Langlois,Haiti,29 November 1958 (age 66),CP,22 February 2014 Francis,Bishop of Les Cayes,[138]
122,Manuel Clemente,Portugal,16 July 1948 (age 76),CP,14 February 2015 Francis,Patriarch emeritus of Lisbon,[139]
123,Berhaneyesus Demerew Souraphiel CM,Ethiopia,14 July 1948 (age 76),CP,14 February 2015 Francis,Archbishop of Addis Abeba (Ethiopian Church),[140]
124,John Dew,New Zealand,5 May 1948 (age 77),CP,14 February 2015 Francis,Archbishop emeritus of Wellington,[141]
125,Edoardo Menichelli*,Italy,14 October 1939 (age 85),CP,14 February 2015 Francis,Archbishop emeritus of AnconaâOsimo,[142]
126,Pierre Nguyá»n VÄn NhÆ¡n*,Vietnam,1 April 1938 (age 87),CP,14 February 2015 Francis,Archbishop emeritus of Hanoi,[143]
127,Alberto SuÃ¡rez Inda*,Mexico,30 January 1939 (age 86),CP,14 February 2015 Francis,Archbishop emeritus of Morelia,[144]
128,Charles Maung Bo SDB,Myanmar,29 October 1948 (age 76),CP,14 February 2015 Francis,Archbishop of Yangon,[145]
129,Kriengsak Kovitvanit,Thailand,27 June 1949 (age 75),CP,14 February 2015 Francis,Archbishop emeritus of Bangkok,[146]
130,Francesco Montenegro,Italy,22 May 1946 (age 78),CP,14 February 2015 Francis,Archbishop emeritus of Agrigento,[147]
131,Daniel Sturla SDB,Uruguay,4 July 1959 (age 65),CP,14 February 2015 Francis,Archbishop of Montevideo,[148]
132,Ricardo BlÃ¡zquez*,Spain,13 April 1942 (age 83),CP,14 February 2015 Francis,Archbishop emeritus of Valladolid,[149]
133,JosÃ© Luis Lacunza MaestrojuÃ¡n OAR*,Panama[k],24 February 1944 (age 81),CP,14 February 2015 Francis,Bishop emeritus of David,[150]
134,Arlindo Gomes Furtado,Cape Verde,15 November 1949 (age 75),CP,14 February 2015 Francis,Bishop of Santiago de Cabo Verde,[151]
135,Soane Patita Paini Mafi,Tonga,19 December 1961 (age 63),CP,14 February 2015 Francis,Bishop of Tonga,[152]
136,Luis HÃ©ctor Villalba*,Argentina,11 October 1934 (age 90),CP,14 February 2015 Francis,Archbishop emeritus of TucumÃ¡n,[153]
137,JÃºlio Duarte Langa*,Mozambique,27 October 1927 (age 97),CP,14 February 2015 Francis,Bishop emeritus of Xai-Xai,[154]
138,DieudonnÃ© Nzapalainga CSSp,Central African Republic,14 March 1967 (age 58),CP,19 November 2016 Francis,Archbishop of Bangui,[155]
139,Carlos Osoro Sierra,Spain,16 May 1945 (age 79),CP,19 November 2016 Francis,Archbishop emeritus of Madrid,[156]
140,SÃ©rgio da Rocha,Brazil,21 October 1959 (age 65),CP,19 November 2016 Francis,Archbishop of SÃ£o Salvador da Bahia,[157]
141,Blase J. Cupich,United States,19 March 1949 (age 76),CP,19 November 2016 Francis,Archbishop of Chicago,[158]
142,Patrick D'Rozario CSC*,Bangladesh,1 October 1943 (age 81),CP,19 November 2016 Francis,Archbishop emeritus of Dhaka,[159]
143,Baltazar Enrique Porras Cardozo*,Venezuela,10 October 1944 (age 80),CP,19 November 2016 Francis,Archbishop emeritus of Caracas,[160]
144,Jozef De Kesel,Belgium,17 June 1947 (age 77),CP,19 November 2016 Francis,Archbishop emeritus of MechelenâBrussels,[161]
145,Maurice Piat CSSp*,Mauritius,19 July 1941 (age 83),CP,19 November 2016 Francis,Bishop emeritus of Port-Louis,[162]
146,Carlos Aguiar Retes,Mexico,9 January 1950 (age 75),CP,19 November 2016 Francis,Archbishop of Mexico,[163]
147,John Ribat MSC,Papua New Guinea,9 February 1957 (age 68),CP,19 November 2016 Francis,Archbishop of Port Moresby,[164]
148,Joseph W. Tobin CSsR,United States,3 May 1952 (age 73),CP,19 November 2016 Francis,Archbishop of Newark,[165]
149,Jean Zerbo*,Mali,27 December 1943 (age 81),CP,28 June 2017 Francis,Archbishop emeritus of Bamako,[166]
150,Juan JosÃ© Omella,Spain,21 April 1946 (age 79),CP,28 June 2017 Francis,Archbishop of Barcelona,[167]
151,Anders Arborelius OCD,Sweden,24 September 1949 (age 75),CP,28 June 2017 Francis,Bishop of Stockholm,[168]
152,Louis-Marie Ling Mangkhanekhoun IVD*,Laos,8 April 1944 (age 81),CP,28 June 2017 Francis,Apostolic Vicar emeritus of Vientiane,[169]
153,Gregorio Rosa ChÃ¡vez*,El Salvador,3 September 1942 (age 82),CP,28 June 2017 Francis,Auxiliary Bishop emeritus of San Salvador,[170]
154,Angelo De Donatis,Italy,4 January 1954 (age 71),CP,28 June 2018 Francis,Major Penitentiary,[171]
155,Joseph Coutts,Pakistan,21 July 1945 (age 79),CP,28 June 2018 Francis,Archbishop emeritus of Karachi,[172]
156,AntÃ³nio Marto,Portugal,5 May 1947 (age 78),CP,28 June 2018 Francis,Bishop emeritus of LeiriaâFÃ¡tima,[173]
157,Pedro Barreto SJ*,Peru,12 February 1944 (age 81),CP,28 June 2018 Francis,Archbishop emeritus of Huancayo,[174]
158,DÃ©sirÃ© Tsarahazana,Madagascar,13 June 1954 (age 70),CP,28 June 2018 Francis,Archbishop of Toamasina,[175]
159,Giuseppe Petrocchi,Italy,19 August 1948 (age 76),CP,28 June 2018 Francis,Archbishop emeritus of L'Aquila,[176]
160,Thomas Aquino Manyo Maeda,Japan,3 March 1949 (age 76),CP,28 June 2018 Francis,Archbishop of OsakaâTakamatsu,[177]
161,Toribio Ticona Porco*,Bolivia,25 April 1937 (age 88),CP,28 June 2018 Francis,Bishop Prelate emeritus of Corocoro,[178]
162,Ignatius Suharyo Hardjoatmodjo,Indonesia,9 July 1950 (age 74),CP,5 October 2019 Francis,Archbishop of Jakarta,[179]
163,Juan GarcÃ­a RodrÃ­guez,Cuba,11 July 1948 (age 76),CP,5 October 2019 Francis,Archbishop of San CristÃ³bal de la Habana,[180]
164,Fridolin Ambongo Besungu OFMCap,Democratic Republic of the Congo,24 January 1960 (age 65),CP,5 October 2019 Francis,Archbishop of Kinshasa,[181]
165,Jean-Claude Hollerich SJ,Luxembourg,9 August 1958 (age 66),CP,5 October 2019 Francis,Archbishop of Luxembourg,[182]
166,Ãlvaro Leonel Ramazzini Imeri,Guatemala,16 July 1947 (age 77),CP,5 October 2019 Francis,Bishop of Huehuetenango,[183]
167,Matteo Zuppi,Italy,11 October 1955 (age 69),CP,5 October 2019 Francis,Archbishop of Bologna,[184]
168,CristÃ³bal LÃ³pez Romero SDB,Morocco[l],19 May 1952 (age 72),CP,5 October 2019 Francis,Archbishop of Rabat,[185]
169,Sigitas TamkeviÄius SJ*,Lithuania,7 November 1938 (age 86),CP,5 October 2019 Francis,Archbishop emeritus of Kaunas,[186]
170,Antoine Kambanda,Rwanda,10 November 1958 (age 66),CP,28 November 2020 Francis,Archbishop of Kigali,[187]
171,Wilton Daniel Gregory,United States,7 December 1947 (age 77),CP,28 November 2020 Francis,Archbishop emeritus of Washington,[188]
172,Jose Advincula OP,Philippines,30 March 1952 (age 73),CP,28 November 2020 Francis,Archbishop of Manila,[189]
173,Celestino AÃ³s Braco OFMCap*,Chile[m],6 April 1945 (age 80),CP,28 November 2020 Francis,Archbishop emeritus of Santiago de Chile,[190]
174,Augusto Paolo Lojudice,Italy,1 July 1964 (age 60),CP,28 November 2020 Francis,Archbishop of SienaâColle di Val d'ElsaâMontalcino and Bishop of MontepulcianoâChiusiâPienza,[191]
175,Felipe Arizmendi Esquivel*,Mexico,1 May 1940 (age 85),CP,28 November 2020 Francis,Bishop emeritus of San CristÃ³bal de Las Casas,[192]
176,Jean-Marc Aveline,France,26 December 1958 (age 66),CP,27 August 2022 Francis,Archbishop of Marseille,[193]
177,Peter Okpaleke,Nigeria,1 March 1963 (age 62),CP,27 August 2022 Francis,Bishop of Ekwulobia,[194]
178,Leonardo Ulrich Steiner OFM,Brazil,6 November 1950 (age 74),CP,27 August 2022 Francis,Archbishop of Manaus,[195]
179,Filipe Neri FerrÃ£o,India,20 January 1953 (age 72),CP,27 August 2022 Francis,Archbishop of Goa and Daman and Patriarch of the East Indies,[196]
180,Robert W. McElroy,United States,5 February 1954 (age 71),CP,27 August 2022 Francis,Archbishop of Washington,[197]
181,VirgÃ­lio do Carmo da Silva SDB,East Timor,27 November 1967 (age 57),CP,27 August 2022 Francis,Archbishop of DÃ­li,[198]
182,Oscar Cantoni,Italy,1 September 1950 (age 74),CP,27 August 2022 Francis,Bishop of Como,[199]
183,Anthony Poola,India,15 November 1961 (age 63),CP,27 August 2022 Francis,Archbishop of Hyderabad,[200]
184,Paulo Cezar Costa,Brazil,20 July 1967 (age 57),CP,27 August 2022 Francis,Archbishop of BrasÃ­lia,[201]
185,William Goh,Singapore,25 June 1957 (age 67),CP,27 August 2022 Francis,Archbishop of Singapore,[202]
186,Adalberto MartÃ­nez Flores,Paraguay,8 July 1951 (age 73),CP,27 August 2022 Francis,Archbishop of AsunciÃ³n,[203]
187,Giorgio Marengo IMC,Mongolia[n],7 June 1974 (age 50),CP,27 August 2022 Francis,Apostolic Prefect of Ulaanbaatar,[204]
188,Jorge Enrique JimÃ©nez Carvajal CJM*,Colombia,29 March 1942 (age 83),CP,27 August 2022 Francis,Archbishop emeritus of Cartagena,[205]
189,Arrigo Miglio*,Italy,18 July 1942 (age 82),CP,27 August 2022 Francis,Archbishop emeritus of Cagliari,[206]
190,Pierbattista Pizzaballa OFM,Jerusalem[o],21 April 1965 (age 60),CP,30 September 2023 Francis,Latin Patriarch of Jerusalem,[207]
191,Stephen Brislin,South Africa,24 September 1956 (age 68),CP,30 September 2023 Francis,Archbishop of Johannesburg,[208]
192,Ãngel Sixto Rossi SJ,Argentina,11 August 1958 (age 66),CP,30 September 2023 Francis,Archbishop of CÃ³rdoba,[209]
193,Luis JosÃ© Rueda Aparicio,Colombia,3 March 1962 (age 63),CP,30 September 2023 Francis,Archbishop of BogotÃ¡,[210]
194,Grzegorz RyÅ,Poland,9 February 1964 (age 61),CP,30 September 2023 Francis,Archbishop of ÅÃ³dÅº,[211]
195,Stephen Ameyu Martin Mulla,South Sudan,10 January 1964 (age 61),CP,30 September 2023 Francis,Archbishop of Juba,[212]
196,JosÃ© Cobo Cano,Spain,20 September 1965 (age 59),CP,30 September 2023 Francis,Archbishop of Madrid,[213]
197,Protase Rugambwa,Tanzania,31 May 1960 (age 64),CP,30 September 2023 Francis,Archbishop of Tabora,[214]
198,Sebastian Francis,Malaysia,11 November 1951 (age 73),CP,30 September 2023 Francis,Bishop of Penang,[215]
199,Stephen Chow Sau-yan SJ,China (Hong Kong)[f],7 August 1959 (age 65),CP,30 September 2023 Francis,Bishop of Hong Kong,[216]
200,FranÃ§ois-Xavier Bustillo OFMConv,France[p],23 November 1968 (age 56),CP,30 September 2023 Francis,Bishop of Ajaccio,[217]
201,AmÃ©rico Aguiar,Portugal,12 December 1973 (age 51),CP,30 September 2023 Francis,Bishop of SetÃºbal,[218]
202,Diego Rafael PadrÃ³n SÃ¡nchez*,Venezuela,17 May 1939 (age 85),CP,30 September 2023 Francis,Archbishop emeritus of CumanÃ¡,[219]
203,Carlos Castillo Mattasoglio,Peru,28 February 1950 (age 75),CP,7 December 2024 Francis,Archbishop of Lima,[220]
204,Vicente Bokalic Iglic CM,Argentina,11 June 1952 (age 72),CP,7 December 2024 Francis,Archbishop of Santiago del Estero,[220]
205,Luis Cabrera Herrera OFM,Ecuador,11 October 1955 (age 69),CP,7 December 2024 Francis,Archbishop of Guayaquil,[220]
206,Fernando ChomalÃ­ Garib,Chile,10 March 1957 (age 68),CP,7 December 2024 Francis,Archbishop of Santiago de Chile,[220]
207,Tarcisio Isao Kikuchi SVD,Japan,1 November 1958 (age 66),CP,7 December 2024 Francis,Archbishop of Tokyo,[220]
208,Pablo Virgilio David,Philippines,2 March 1959 (age 66),CP,7 December 2024 Francis,Bishop of Kalookan,[220]
209,Ladislav Nemet SVD,Serbia[q],7 September 1956 (age 68),CP,7 December 2024 Francis,Archbishop of Belgrade,[220]
210,Jaime Spengler OFM,Brazil,6 September 1960 (age 64),CP,7 December 2024 Francis,Archbishop of Porto Alegre,[220]
211,Ignace Bessi Dogbo,Ivory Coast,17 August 1961 (age 63),CP,7 December 2024 Francis,Archbishop of Abidjan,[220]
212,Jean-Paul Vesco OP,Algeria[r],10 March 1962 (age 63),CP,7 December 2024 Francis,Archbishop of Algiers,[220]
213,Dominique Mathieu OFMConv,Iran[s],13 June 1963 (age 61),CP,7 December 2024 Francis,Archbishop of TehranâIsfahan,[220]
214,Roberto Repole,Italy,29 January 1967 (age 58),CP,7 December 2024 Francis,Archbishop of Turin and Bishop of Susa,[220]
215,Baldassare Reina,Italy,26 November 1970 (age 54),CP,7 December 2024 Francis,Vicar General for Rome and Archpriest of the Papal Basilica of Saint John Lateran,[220]
216,Frank Leo,Canada,30 June 1971 (age 53),CP,7 December 2024 Francis,Archbishop of Toronto,[220]
217,Mykola Bychok CSsR,Australia[t],13 February 1980 (age 45),CP,7 December 2024 Francis,Eparch of Saints Peter and Paul of Melbourne (Ukrainian Greek Church),[220]
218,Domenico Battaglia,Italy,20 January 1963 (age 62),CP,7 December 2024 Francis,Archbishop of Naples,[220]
219,Dominique Mamberti,France,7 March 1952 (age 73),CD,14 February 2015 Francis,Prefect of the Supreme Tribunal of the Apostolic Signatura[c],[221]
220,Mario Zenari,Italy,5 January 1946 (age 79),CD,19 November 2016 Francis,Apostolic Nuncio to Syria,[222]
221,Kevin Farrell,United States[u],2 September 1947 (age 77),CD,19 November 2016 Francis,"Prefect of the Dicastery for the Laity, Family and Life[c] and Camerlengo of the Holy Roman Church",[223]
222,Ernest Simoni*,Albania,18 October 1928 (age 96),CD,19 November 2016 Francis,Priest of the Archdiocese of ShkodÃ«râPult[v],[224]
223,Luis Ladaria Ferrer SJ*,Spain,19 April 1944 (age 81),CD,28 June 2018 Francis,Prefect emeritus of the Dicastery for the Doctrine of the Faith,[225]
224,Giovanni Angelo Becciu*[w],Italy,2 June 1948 (age 76),CD,28 June 2018 Francis,Prefect emeritus of the Congregation for the Causes of Saints,[228]
225,Konrad Krajewski,Poland,25 November 1963 (age 61),CD,28 June 2018 Francis,Almoner of His Holiness,[229]
226,Aquilino Bocos Merino CMF*,Spain,17 May 1938 (age 86),CD,28 June 2018 Francis,Superior General emeritus of the Missionary Sons of the Immaculate Heart of Mary,[230]
227,JosÃ© Tolentino de MendonÃ§a,Portugal,15 December 1965 (age 59),CD,5 October 2019 Francis,Prefect of the Dicastery for Culture and Education[c],[231]
228,Michael Czerny SJ,Canada[x],18 July 1946 (age 78),CD,5 October 2019 Francis,Prefect of the Dicastery for Promoting Integral Human Development[c],[232]
229,Michael Fitzgerald MAfr*,United Kingdom,17 August 1937 (age 87),CD,5 October 2019 Francis,Apostolic Nuncio emeritus to Egypt,[233]
230,Mario Grech,Malta,20 February 1957 (age 68),CD,28 November 2020 Francis,Secretary-General of the Synod of Bishops,[234]
231,Marcello Semeraro,Italy,22 December 1947 (age 77),CD,28 November 2020 Francis,Prefect of the Dicastery for the Causes of Saints[c],[235]
232,Mauro Gambetti OFMConv,Italy,27 October 1965 (age 59),CD,28 November 2020 Francis,"Vicar General for Vatican City, Archpriest of the Papal Basilica of Saint Peter and President of the Fabric of Saint Peter",[236]
233,Silvano Maria Tomasi CS*,Italy,12 October 1940 (age 84),CD,28 November 2020 Francis,Special Delegate to the Sovereign Military Order of Malta,[237]
234,Raniero Cantalamessa OFMCap*,Italy,22 July 1934 (age 90),CD,28 November 2020 Francis,Preacher emeritus of the Papal Household[v],[238]
235,Enrico Feroci*,Italy,27 August 1940 (age 84),CD,28 November 2020 Francis,"Pastor of the Shrine of Our Lady of Divine Love in Castel di Leva, Rome",[239]
236,Arthur Roche,United Kingdom,6 March 1950 (age 75),CD,27 August 2022 Francis,Prefect of the Dicastery for Divine Worship and the Discipline of the Sacraments[c],[240]
237,Lazarus You Heung-sik,South Korea,17 November 1951 (age 73),CD,27 August 2022 Francis,Prefect of the Dicastery for the Clergy[c],[241]
238,Fernando VÃ©rgez Alzaga LC*,Spain,1 March 1945 (age 80),CD,27 August 2022 Francis,President emeritus of the Pontifical Commission for Vatican City State,[242]
239,Gianfranco Ghirlanda SJ*,Italy,5 July 1942 (age 82),CD,27 August 2022 Francis,Patron of the Sovereign Military Order of Malta[v],[243]
240,Fortunato Frezza*,Italy,6 February 1942 (age 83),CD,27 August 2022 Francis,Canon of the Chapter of the Papal Basilica of Saint Peter,[244]
241,Claudio Gugerotti,Italy,7 October 1955 (age 69),CD,30 September 2023 Francis,Prefect of the Dicastery for the Eastern Churches[c],[245]
242,VÃ­ctor Manuel FernÃ¡ndez,Argentina,18 July 1962 (age 62),CD,30 September 2023 Francis,Prefect of the Dicastery for the Doctrine of the Faith[c],[246]
243,Emil Paul Tscherrig,Switzerland,3 February 1947 (age 78),CD,30 September 2023 Francis,Apostolic Nuncio emeritus to Italy and San Marino,[247]
244,Christophe Pierre,France,30 January 1946 (age 79),CD,30 September 2023 Francis,Apostolic Nuncio to the United States,[248]
245,Ãngel FernÃ¡ndez Artime SDB,Spain,21 August 1960 (age 64),CD,30 September 2023 Francis,Pro-Prefect of the Dicastery for Institutes of Consecrated Life and Societies of Apostolic Life,[249]
246,Agostino Marchetto*,Italy,28 August 1940 (age 84),CD,30 September 2023 Francis,Secretary emeritus of the Pontifical Council for the Pastoral Care of Migrants and Itinerant People,[250]
247,Luis Pascual Dri OFMCap*,Argentina,17 April 1927 (age 98),CD,30 September 2023 Francis,"Confessor at the Shrine of Our Lady of Pompei [es], Buenos Aires",[251]
248,Angelo Acerbi*,Italy,23 September 1925 (age 99),CD,7 December 2024 Francis,Apostolic Nuncio emeritus,[220]
249,Rolandas Makrickas,Lithuania,31 January 1972 (age 53),CD,7 December 2024 Francis,Coadjutor Archpriest of the Papal Basilica of Saint Mary Major,[220]
250,Timothy Radcliffe OP,United Kingdom,22 August 1945 (age 79),CD,7 December 2024 Francis,Master emeritus of the Order of Preachers,[220]
251,Fabio Baggio CS,Italy,15 January 1965 (age 60),CD,7 December 2024 Francis,Undersecretary of the Migrants and Refugees Section of the Dicastery for Promoting Integral Human Development,[220]
252,George Koovakad,India,11 August 1973 (age 51),CD,7 December 2024 Francis,Prefect of the Dicastery for Interreligious Dialogue[c] (Syro-Malabar Church),[220]
